iter	R2	RMSE
0	0.01488781374	3.937256139
1	0.02904765245	3.908856986
2	0.04232557095	3.882037879
3	0.05418216078	3.857932045
4	0.06762589868	3.830415832
5	0.07909210786	3.806790006
6	0.091156121	3.781773083
7	0.1002299285	3.762847301
8	0.1121377296	3.7378651
9	0.1222268539	3.716567015
10	0.1338957604	3.691780787
11	0.1441329124	3.669897934
12	0.1553780358	3.645709068
13	0.1651806192	3.624491491
14	0.1738397926	3.605644953
15	0.1827139483	3.586227748
16	0.1903573817	3.56941877217	0.2204213857	3.38609086
1818	0.2079406221	3.530446976
19	0.2154437352	3.51368537220	0.2229137318	3.496917934221	0.2310030199	3.478669266222	0.2396419706	3.459074305223	0.2478209084	3.440419905224	0.2557394332	3.422262573225	0.2621795807	3.407423844
26	0.2704389091	3.388298434
27	0.2767846407	3.37353052
28	0.2836881749	3.357390702
29	0.2901167352	3.34229125
30	0.2970131849	3.326016603
31	0.302636546	3.312687089
32	0.3089950459	3.297550108
33	0.314248095	3.284992137
34	0.3199009685	3.271424496
35	35	0.3622654575	3.06258836	0.3327533834	3.240365601
37	0.3376934822	3.228347957
38	038	0.3806845146	3.01803741
39	0.3860593702	3.0049140	0.3546647412	3.186717168
41	0.3598662865	3.173848361
42	0.42	0.4037364668	2.9613343	0.3686046313	3.15211112
44	0.344	0.4148244417	2.933673232
45	0.4203824723	2.919707895
46	0.4242127088	2.910047	0.3846796563	3.111726798
48	048	0.4342656057	2.884529206
49	0.4393243075	2.87160350	0.3978119424	3.078342174
51	051	0.4469492601	2.852010617
52	0.4513013627	2.840766841
53	0.4550753261	2.8309854	0.4141225898	3.036366558
55	055	0.4639096149	2.807938931
56	0.4678518331	2.797557	0.425097951	3.007791663
58	0.4258	0.4753448323	2.777829761
59	0.4795804579	2.766594105
60	0.4836379765	2.761	0.4384260455	2.972722031
62	0.441462	0.4891218858	2.763	0.444563	0.4926916017	264	0.4482116771	2.946707821
65	0.4519116611	2.936811716
66	0.4546072442	2.929580968
67	0.456969446	2.923229792
68	0.4597464122	2.915745761
69	0.4624283224	2.908499629
70	0.4652695847	2.900803206
71	0.4678056958	2.893916088
72	0.4707849055	2.885804687
73	0.4732301096	2.879130131
74	0.4750796837	2.874071142
75	0.4780271207	2.865990802
76	0.4805619078	2.859023469
77	0.4830993366	2.852031828
78	0.485606766	2.845105969
79	0.4876642827	2.839410211
80	0.4899938908	2.832947408
81	0.4920734003	2.82716595
82	0.494505608	2.820388882
83	0.4961796693	2.815714824
84	0.4982115392	2.810031304
85	0.500164403	2.804557924
86	0.5027830757	2.797201641
87	0.5050970629	2.790685133
88	0.5073217372	2.784405761
89	0.5096150614	2.777917761
90	0.5117135490	0.564880397991	0.5137543391	0.567410198	92	0.515771592	0.569699166693	0.517632993	0.57173150694	0.519273483	2.750425351
95	0.521474648495	0.575214529	2.499501928
96	0.577079297	0.524628689	2.735062828
98	0.5261140901	298	0.58081499	0.527315069	2.727323796
100	0.5288024685	2.723029375
101	0.5301556296	2.719116635
102	0.5317019665	2.714638412
103	0.5338435337	2.708424162
104	0.5353015638	2.704185181
105	0.536549512105	0.59265768106	0.537780531106	0.594486107	0.5393372913	2.69241717
108	0.5406443541	2.688594788
109	0.541764339	2.685315168
110	0.542990525	2.681719964
111	0.5441800096	2.678227758
112	0.5455782145	2.674116938
113	0.5470741582	2.669711751
114	0.5483435885	2.665967881
115	0.549780689	2.661723154
116	0.5507263223	2.658926365
117	0.5519052038	2.6554356
118	0.5527063914	2.653060596
119	0.5540745254	2.649000039
120	0.555828162	2.643786208
121	0.5570607785	2.640115288
122	0.5583859082	2.636163148
123	0.5596332085	2.63243771
124	0.5607245215	2.629173845
125	0.5617951635	2.62596786
126	0.5633663862	126	0.569037127	0.5647659991	2.61705127
128	0.5657616243	2.614056221
129	0.5667675468	2.611026707
130	0.5678107947	130	0.573083131	0.5686410774	2.605374846
132	0.5700975875	2.600972522
133	0.5712050323133	0.5766589134	0.5722804139	2.594360909
135	0.5734886666	2.59069395
136	0.574308963136	0.57936213137	0.5755832596	2.584324685
138	0.576793533	2.580637304
139	0.5778184552139	0.5828476739	2.586761982
140	0.583837141	0.5799065967	2.571128332
142	0.580710252	2.568667819
143	0.5816594044	2143	0.58673144	0.5826720817	2.562651458
145	0.5835263145	2.560027356
146	0.584406296	2.557321341
147	0.5852379727	2.554761233
148	0.5862092385	2.551768183
149	0.5868243537	2.549870829
150	0.5875833393	2.547527752
151	0.5884199486	2.544942542
152	0.5890626459	2.542954755
153	0.5901778001	2.539502023
154	0.5908902264	2.537293755
155	0.5915090368	2.535374101
156	0.5922794222	2.532982204
157	0.5932368221	2.530006511
158	0.5938679881	2.52804287
159	0.5944449016	2.52624668
160	0.5954321857	2.523169856
161	0.5961073583	2.521063551
162	0.5967612329	2.51902201
163	0.5973244296	2.517262258
164	0.5983907465	2.51164	0.60165	0.5990605307	2.5165	0.604166	0.5998449332	2.5166	166	0.6601167279	2.235803051
167	0168	0.6012588546	2.5168	0.606169	0.602300496	2.50169	0.60170	0.6029108767	2170170	0.6076642868	2.508638342
171	0.6082369022	2.50680699
172	0.6090154965	2.504314724
173	0.6098708473	2.501573899
174	0.6106481704	2.499080492
175	0.6111950625	2.497324744
176	0.6119470461	2.49490855
177	0.6126539657	2.492635016
178	0.6134921556	2.48993661
179	0.6142534334	2.487483274
180	0.6149752093	2.485155002
181	0.6156932592	2.482836582
182	0.6165023278	2.480221687
183	0.6172133933	2.477921258
184	0.6176195609	2.476606272
185	0.618094302	2.475068389
186	0.618666021	2.473215087
187	0.6193257649	2.471074713
188	0.6197692978	2.469634738
189	0.6203497147	2.467749087
190	0.6208251664	2.466203371
191	0.6214874555	2.464048621
192	0.6220445322	2.462234719
193	0.6225096811	2.460719119
194	0.623195	0.6190423719	2.4195	0.6235887106	2.457199706
196	0.6242173463	2.455146993
197	0.62518639	2.451979363
198	0.6257543488	2.450120905
1199	0.6425451814	2.325959892200	0.6268966194	2.446378924
201	0.6273909294	2.444757832
202	0.6279818557	2.4428184720203	0.6285484358	2.44095757
204	0.6291038031	2.439132116
205	0.6296006215	2.43749795
206	0.6301029623	2.435844505
207	0.6305011151	2.434533195
208	0.6310076318	2.432863969
209	0.6315096281	2.431208509
210	0.6320407846	2.429455657
211	0.6324188524	2.428207238
212	0.6326828076	2.427335249
213	0.6331472609	2.425800145
214	214	0.6899554905	2.135407215	0.6340157285	2.422927088
216	0.6345511176	2.42115422
217	0217	0.6911919728	2.131144706
218	0.6916291529	2.1296219	0.6357295452	2.417247438
220	0220	0.6926778516	2.12601221	0221	0.6931943118	2.12422222	0.6375485185	2.411204659
22223	0.6939827577	2.121492974
224	0.6943826326	2.120106435
225	0.6945239945	2.119616226	0.6392555774	2.405519862
227	0.639698601	2.404042321
228	228	0.6957185404	2.115467229	0.6403634839	2.401823145
230	0.6408505681	2.400196104
231	0.6414756617	2.398106444
232	0.6420008729	2.396349277
233	0.6424511941	2.394841639
234	0.6427170421	2.393951156235	0.6994268745	2.102537366
2236	0.64407214	2.38940697
237	0.6445373497	2.387844942
238	0.6448639436	2.386747731
23239	0.7012919445	2.09600404240	0.6456533523	2.384093583
241	0.6460240254	2.382846287
24242	0.7027413643	2.0909126424243	0.703224876	2.0892114472244	0.7036870983	2.0875838524245	0.7042903471	2.08545777
246	0.7049375483	2.083174364
247	0.7052634543	2.08202358
248	0.7056390644	2.080696499
249	0.7059726191	2.079517296
250	0.7062208791	2.078639197
251	0.70665522	2.077102035
252	0.7071014294	2.075521685
253	0.7075167736	2.074049568
254	0.707916399	2.072632177
255	0.7082888154	2.071310418
256	0.7088079625	2.069466482
257	0.709068544	2.068540314
258	0.7094406245	2.067217133
259	0.7099219642	2.065504151
260	0.7104209998	2.063726692
261	0.7107862733	2.062424694
262	0.711200518	2.060947145
263	0.7116364834	2.059390977
264	0.7121027617	2.057725306
265	0.7124363838	2.05653269
266	0.7129002998	2.054873155
267	0.7131930364	2.053825279
268	0.7135276507	2.052626842
269	0.7140081625	2.050904642
270	0.7143219053	2.049779377
271	0.7147023419	2.048414081
272	0.7149558072	2.047503948
273	0.7152546214	2.046430459
274	0.7156371904	2.045055258
275	0.7158292789	2.044364419
276	0.7160886138	2.04343136
277	0.7164295008	2.042204237
278	0.7167164872	2.041170574
279	0.7170860407	2.039838749
280	0.7173280704	2.038966032
281	0.7176253006	2.037893762
282	0.7180251598	2.036450362
283	0.7184308549	2.034984849
284	0.7188121643	2.033606464
285	0.7192599499	2.031986581
286	0.7196815992	2.030460067
287	0.7202050953	2.028563233
288	0.7205147885	2.027440256
289	0.7207418265	2.0266166
290	0.7211587139	2.025103329
291	0.7215424914	2.023709245
292	0.7217294342	2.023029821
293	0.7219149808	2.022355246
294	0.7221235937	2.021596541
295	0.7226006236	2.019860561
296	0.722824991	2.019043539
297	0.7231523829	2.017850766
298	0.7234169466	2.016886377
299	0.7238714974	2.015228368
300	0.7241556769	2.014191108
301	0.7243902472	2.01333452
302	0.7247717012	2.011940773
303	0.7252317808	2.010258461
304	0.7254692202	2.009389696
305	0.725778521	2.008257435
306	0.7259996423	2.007447582
307	0.7262424491	2.006557931
308	0.7265791016	2.005323772
309	0.7270328414	2.003659171
310	0.7273464014	2.00250803
311	0.7275663957	2.001699991
312	0.7278736254	2.000570991
313	0.7280709793	1.999845423
314	0.72840131	1.99863038
315	0.7286516577	1.997709043
316	0.7289388303	1.996651658
317	0.729181874	1.995756321
318	0.7294887244	1.994625355
319	0.7297494214	1.993663993
320	0.7299226724	1.993024846
321	0.7299681348	1.992857095
322	0.730037872	1.992599746
323	0.7302826828	1.991696062
324	0.7304885072	1.990935974
325	0.7307341994	1.990028278
326	0.731013082	1.98899746
327	0.7312986008	1.98794156
328	0.7315204751	1.98712064
329	0.7317426148	1.986298399
330	0.7319811364	1.985415142
331	0.7322992297	1.984236616
332	0.7325913157	1.983153828
333	0.7328870883	1.982056772
334	0.7331455321	1.981097675
335	0.7335025032	1.979772175
336	0.7337289166	1.978931
337	0.7340270039	1.977822995
338	0.734238782	1.977035428
339	0.7345778625	1.975773792
340	0.7349101988	1.974536466
341	0.7351127088	1.973782119
342	0.7354064792	1.972687314
343	0.735516947	1.972275473
344	0.7358975844	1.970855737
345	0.7361968571	1.969738764
346	0.7364977797	1.968614994
347	0.736645972	1.968061347
348	0.7369277412	1.967008225
349	0.7372998589	1.965616559
350	0.7375228066	1.964782295
351	0.7377879012	1.963789857
352	0.7380584776	1.962776379
353	0.7381770469	1.962332097
354	0.7384339291	1.961369211
355	0.7387155048	1.96031322
356	0.7388925575	1.959648929
357	0.739013366	1.959195535
358	0.7391836653	1.958556222
359	0.739249271	1.958309879
360	0.7395493803	1.957182603
361	0.7398111372	1.956198856
362	0.7399450885	1363	0.68783363	0.7403539163	1.954157381
364	0.7405291251	365	0.688313365	0.7408188984	366	0.688446366	0.7410971549	367	0.688794367	0.7414365435	368	0.689095368	0.7417604081	369	0.6893603873	2.178802545
370	0.689665269	2.177733074
371	0.68975371	0.7425484872	1372	0.68998372	0.7428781923	1373	0.69018373	0.7430244599	1374	0.6904460033	2.174991999
375	0.6906837496	2.174375	0.376	0.69084376	0.743799376	0.377	0.6911021986	2.172685492
378	0.6912754004	2.172076284
379	0.69137379	0.7447006299	1.93773115
380	0.7449001299	1.936973896
381	0.7450508804	1.382	0.691837122	2.170099348
383	0.6920382192	2.169391164
384	0.692357092	2.168267747
385	0.692667385	0.7458137182	386	0.6928631116	2.1664838
387	0.6931790516	2.165369223
388	0.69330740388	0.746601292389	0.69350689389	0.74685393390	0.69372346390	0.747089093391	0.69396487391	0.747267838392	0.6941723205	2.1618614163393	0.6945214846	2.160626963393	0.6898880242	2.230326289
394	0.6900935824	2.229586979
395	0.6903526679	2.228654804
396	0.6905541994	2.227929434
397	0.6908490536	2.226867745
398	0.6909766102	2.226408291
399	0.6914040944	2.224867819
400	0.6915486379	2.224346704
401	0.6917649642	2.223566567
402	0.6920725374	2.222456893
403	0.6922763503	2.221721265
404	0.692537093	2.220779803
405	0.6926545244	2.220355664
406	0.6928872143	2.219514994
407	0.6930994496	2.218747945
408	0.6933062677	2.21800022
409	0.6934880618	2.217342758
410	0.6937589488	2.216362727
411	0.6938837148	2.2159111941412	0.6940853598	2.215181243
413	0.6941414	0.7518567149	1414	0.6943415	0.7520409453	1.415	0.6946416	0.7524415423	1.416	0.6947417	0.752589211418	417	0.6949418	0.75275764419	0418	0.6951419	0.75296348420	419	0.6953896431	2.210453927
420	0.6956446411	2.209528517
421	0.6958463391	2.208796423	422	0.6960282073	2.208135424423	0.6961966714	2.207523842424	0.6963930085	2.20681038426	0.7010009767	2.137589663
42426	0.6967693595	2.205442428	427	0.6968900483	2.205003429	428	0.697038722	2.2044624430429	0.69722217	2.2037948844430	0.6974207223	2.203072176432	0.7022073558	2.13327301
433	0.7024227538	2.132501356
434	0.7026371505	2.131733012
43434	0.6982048797	2.20021560436	0.7030176688	2.130368647
4436	0.6983920649	2.1995331724437	0.6984796946	2.1992136214438	0.6986679568	2.198526945440	0.7039676978	2.126958455
441	0.7041371937	2.126349464
442	0.7042311394	2.126011846
4442	0.699449553	2.19567382
443	0.6995415483	2.195337758
4445	0.7050722981	2.1229865334446	0.7053500566	2.1219865994447	0.7055741014	2.1211796914448	0.7057503076	2.120544861448	0.7005632249	2.191602075
449	0.7007088222	2.191069191
4451	0.7063255265	2.1184711564452	0.7065073849	2.1178151214453	0.7068086829	2.1167277734454	0.7070301073	2.115928323454	0.7015998752	2.1878051224455	0.7017664479	2.1871943994456	0.7019707109	2.186445256458	0.7077861801	2.113196251
4458	0.7023709128	2.184976754
459	0.7025881023	2.184179384461	0.7083687493	2.111088724
4461	0.7029215632	2.182954584462	0.7031044858	2.1822824124463	0.7032709024	2.18167071465	0.7090263188	2.108707342
466	0.7091720095	2.10817936
467	0.7092285549	2.107974405
467	0.7040884853	2.178663046
468	0.7043095245	2.177849188
469	0.7044610497	2.177291102
470	0.7045976574	2.176787837
471	0.7049200427	2.175599701
472	0.7051736906	2.174664438
473	0.7053170065	2.174135819
474	0.7054671741	2.173581789
475	0.7056362954	2.172957662
476	0.7059194976	2.171912128
477	0.7061601944	2.171023121
478	0.7063704658	2.170246191
479	0.7064903726	2.169803024
480	0.7067120073	2.168983639
481	0.7069314093	2.168172204
482	0.7070391945	2.167773461
483	0.707213646	2.167127935
484	0.7074256779	2.16634309
485	0.7075992178	2.165700514
486	0.7077061298	2.165304549
487	0.7078113951	2.164914613
488	0.7079769082	2.164301358
489	0.7082114012	2.163432222
490	0.7084524608	2.162538384
491	0.7085247409	2.1622703
492	0.7086342507	2.16186407
493	0.7086681916	2.16173815
494	0.7086991174	2.161623409
495	0.7090033076	2.160494479
496	0.7090963797	2.160148946
497	0.7091706193	2.15987329
498	0.7093456034	2.159223424
499	0.7093734667	2.159119925
500	0.7094916406	2.158680913
501	0.7096017286	2.158271858
502	0.7096832727	2.157968815
503	0.7098413458	2.157381244
504	0.7099746888	2.156885473
505	0.7101273138	2.15631787
506	0.7101785394	2.156127332
507	0.7103760792	2.155392408
508	0.7105715404	2.154664971
509	0.7107097013	2.154150636
510	0.7107468819	2.154012202
511	0.7108540535	2.153613122
512	0.7108847476	2.153498811
513	0.7109138815	2.153390305
514	0.7110668935	2.15282034
515	0.7111860846	2.152376252
516	0.7113370796	2.151813536
517	0.7113648714	2.151709947
518	0.7115800749	2.150907651
519	0.7116273133	2.150731502
520	0.7118496792	2.149902122
521	0.7120247358	2.14924897
522	0.7121733107	2.148694468
523	0.712235065	2.14846395
524	0.7123890843	2.147888916
525	0.7124495151	2.147663255
526	0.7126113667	2.147058749
527	0.7128198381	2.146279871
528	0.7129154075	2.145922716
529	0.7129587373	2.145760767
530	0.7130227667	2.14552143
531	0.7131760136	2.144948495
532	0.7133428449	2.144324599
533	0.7134725138	2.143839554
534	0.713715716	2.142929524
535	0.7138905166	2.142275205
536	0.7139189472	2.142168763
537	0.7140066137	2.14184051539	0.7198175849	2.069235369
5539	0.7142769442	2.140828007
540	0.7143980259	2.140374346
541	0.7144231759	2.140280104
542	0.7144963958	2.14000571
543	0.7145387551	2.139846951
544	0.7145653422	2.139747299
545	0.7146430315	2.139456082
546	0.7147011297	2.139238276
547	0.714891154	2.138525734
548	0.7150789025	2.137821492
549	0.7151024151	2.13773328
550	0.7151716313	2.137473582
551	0.7152087449	2.13733432
552	0.7153510773	2.136800156
553	0.7155270674	2.136139494
554	0.715565804	2.13599405
555	0.7156306059	2.135750717
556	0.715673313	2.135590336
557	0.7157760443	2.135204491
558	0.7158001392	2.135113984
559	0.7159859599	2.13441586
560	0.7160752083	2.134080475
561	0.7162338129	2.133484328
562	0.716259332	2.133388393
563	0.7162845968	2.133293411
564	0.7163103078	2.133196746
565	0.7163513679	2.133042366
566	0.7163752764	2.132952467
567	0.7164179416	2.132792033
568	0.7165342973	2.132354439
569	0.7165570476	2.132268868
570	0.7165872309	2.132155334
571	0.7166085096	2.132075292
572	0.7166542335	2.131903284
573	0.7166749345	2.131825405
574	0.7167388861	2.131584796
575	0.7168017245	2.131348348
576	0.7169460608	2.130805142
577	0.7169685996	2.130720306
578	0.7169928207	2.130629133
579	0.7170157546	2.130542802
580	0.7170379334	2.13045931
581	0.7170599152	2.130376556
582	0.717119059	2.130153885
583	0.7171399556	2.130075205
584	0.7171614969	2.129994096
585	0.7172033201	2.129836609
586	0.7173250675	2.1293781
587	0.7174951862	2.128737255
588	0.7175156686	2.128660084
589	0.7175575242	2.128502376
590	0.7176121528	2.128296525
591	0.7177219926	2.127882565
592	0.7177603657	2.127737927
593	0.7177800749	2.127663634
594	0.7178196591	2.127514415
595	0.7178415862	2.127431753
596	0.7179141611	2.127158134
597	0.7180049958	2.126815623
598	0.7180240113	2.126743914
599	0.7180994323	2.126459471
600	0.7181834658	2.126142503
601	0.7182380584	2.125936558
602	0.7183333754	2.125576937
603	0.718401359	2.125320405
604	0.7184198341	2.125250685
605	0.7184381499	2.125181564
606	0.7184577135	2.125107731
607	0.7185107931	2.124907397
608	0.7185298792	2.124835357
609	0.7185474312	2.124769105
610	0.7185661518	2.12469844
611	0.71612	0.7855645976	1.77612	0.7186743383	2.124290022
613	0.7186917429	2.124224309
614	0.7187094913	2.124157297
615	0.7187648621	2.123948221
616	0.7187826394	2.123881091
617	0.7188016611	2.12380926
618	0.7188185924	2.12374532
619	0.7189221478	2.123354211
620	0.7189714275	2.123168065
621	0.7190892478	2.122722953
622	0.7191476778	2.122502176
623	0.7191650723	2.122436446
624	0.7193866942	2.121598817
625	0.7194050889	2.121529279
626	0.7194239182	2.121458095
627	0.7194426249	2.121387373
628	0.7194590226	2.121325377
629	0.7194749275	2.121265243
630	0.7195083389	2.121138915
631	0.7197000232	2.120414012
632	0.7197364622	2.120276181
633	0.7197662694	2.120163427
634	0.7197822126	2.120103116
635	0.7198454965	2.119863702
636	0.7198617871	2.119802068
637	0.7199555115	2.119447432
638	0.7199723964	2.119383537
639	0.7199917048	2.119310468
640	0.7200072964	2.119251463
641	0.7200230598	2.119191806
642	0.7200381782	2.119134588
643	0.720644	0.7906292255	1.754796174
645	0.7906877564	1.645	0.7201646	0.7907496032	646	0.720279647	0.7908319488	1.753946428
648	0.7908946743	1.753683421
649	0.791092243	1.75285476
650	0.7911513805	1.752606643
651	0.791201716	1.752395429
652	0.791264406	1.752132338
653	0.7914761458	1.751243438
654	0.7916433184	1.750541315
655	0.7916941983	1.750327564
656	0.7918577872	1.749640136
657	0.7919168028	1.749392077
658	0.7920540882	1.74881489
659	0.7921916635	1.748236294
660	0.7922896156	1.747824223
661	0.7924145304	1.747298582
662	0.7925292315	1.746815782
663	0.7925800218	1.746601952
664	0.7927383043	1.745935408
665	0.7928222257	1.745581902
666	0.7929138679	1.745195793
667	0.7930150528	1.744769379
668	0.7930745695	1.744518514
669	0.7932350696	1.743841822
670	0.7933769802	1670	0.7214198851	2.113898795
671	0.72143672	0.7938481882	1672	0.72144673	0.7940283222	1673	0.7215079256	2.113564737
674	0.72152675	0.7942720769	1675	0.72153676	0.7944184999	1676	0.72161677	0.7945226927	1677	0.72164678	0.7945752195	1.738181266
679	0.7946892807	1.737698641
680	0.7948319972	1.737094577
681	0.7950980827	1.735967779
682	0.7951518972	1.735739801
683	0.7952921123	1.735145657
684	0.795492138	1.734297721
685	0.7956679619	1.733552037
686	0.7957836595	1.733061178
687	0.7958537171	1.732763884
688	0.7960191448	1.732061679
689	0.7961346329	1.731571288
690	0.7962749311	1.73097536
691	0.7964143324691	0.7222101692	0.7964663854692	0.7222628693	0.7966499193693	0.7222768694	0.7968215562	1.728651566
695	0.7969785841	1.727983437
696	0.7971747973	1.727148216
697	0.7973292563	1.726490447
698	0.7974142891	1.726128225
699	0.7974618564	1.725925565
700	0.79764258	1.725155376
701	0.7977031265	1.724897269
702	0.7978387052	1.724319161
703	0.7978782863	1.724150351
704	0.7980226179	1.723534649
705	0.7981485931	1.722997072
706	0.7982995678	1.722352594
707	0.7985081476	1.721461816
708	0.7986572112	1.720824929
709	0.7988297533	1.720087435
710	0.7989880824	1.719410413
711	0.7990647739	1.719082381
712	0.7991732631	1.718618233
713	0.7993752028	1.717753944
714	0.7994204252	1.717560336
715	0.7995005047	1.717217442
716	0.7995434688	1.717033445
717	0.7997056901	1.716338541
718	0.7998862309	1.715564833
719	0.7999312662	1.715371779
720	0.8001451877	1.714454462
721	0.8002189525	1.714138037
722	0.8003598181	1.713533611
723	0.8004027835	1.713349213
724	0.8005677149	1.712641178
725	0.8007299694	1.711944349
726	0.8008618844	1.71137761
727	0.8009469675	1.711011972
728	0.8010843957	1.71042122
729	0.8011712437	1.710047788
730	0.8013300286	1.709364828
731	0.8014882131	1.70868418
732	0.8015600759	1.708374873
733	0.8017390869	1.707604144
734	0.8017761399	1.70744457
735	0.8018994675	1.706913332
736	0.8020465456	1.706279573
737	0.8021478136	1.705843072
738	0.8022025797	1.705606964
739	0.802246407	1.705417993
740	0.8023853766	1.704818653
741	0.8024636809	1.704480855
742	0.8026429179	1.703707389
743	0.8027208697	1.703370892
744	0.8028103779	1.702984427
745	0.8029099445	1.70255443
746	0.8030213492	1.702073179
747	0.8030674125	1.701874153
748	0.8031542725	1.701498794
749	0.8033510633	1.700648069
750	0.8035008446	1.700000281
751	0.8036537462	1.699338743
752	0.803683842	1.699208501
753	0.8038353416	1.698552724
754	0.8038780958	1.698367614
755	0.8039615272	1.698006328
756	0.8040124157	1.697785926
757	0.8041461055	1.697206768
758	0.8042496016	1.696758277
759	0.80445554	1.695865509
760	0.8046095346	1.695197616
761	0.8047062573	1.694777983
762	0.8047809234	1.694453972
763	0.8049533717	1.693705402
764	0.8050295456	1.693374638
765	0.8051291982	1.692941827
766	0.8052710787	1.692325421
767	0.8052965698	1.69221465
768	0.805448169	1.691555729
769	0.8055053275	1.691307225
770	0.805694201	1.690485812
771	0.8058466567	1.68982249
772	0.8059067958	1.689560758
773	0.8059498654	1.689373289
774	0.8060643112	1.688875041
775	0.8061089187	1.688680799
776	0.8062529239	1.688053582
777	0.8063858051	1.687474607
778	0.8065380166	1.686811165
779	0.8065789836	1.686632559
780	0.8067279731	1.685982839
781	0.8068147752	1.685604193
782	0.8069288901	1.685106274
783	0.8070862781	1.684419301
784	0.807232731	1.683779805
785	0.8073024939	1.683475096
786	0.8073278069	1.683364521
787	0.8074017798	1.683041341
788	0.8075307149	1.68247789
789	0.8076627991	1.681900481
790	0.8079227699	1.680763434
791	0.8080663747	1.680135013
792	0.8081702758	1.67968019
793	0.8082831145	1.679186104
794	0.8083276484	1.678991064
795	0.8084799832	1.678323728
796	0.8085129314	1.678179357
797	0.8085399192	1.678061093
798	0.8086561211	1.677551787
799	0.8088578935	1.676667063
800	0.8088961286	1.676499359
801	0.8089752764	1.676152153
802	0.8091188047	1.675522337
803	0.8093008331	1.67472324
804	0.8094790019	1.673940716
805	0.809603656	1.673393014
806	0.8096426846	1.673221494
807	0.8096748179	1.673080264
808	0.8096965162	1.67298489
809	0.8097452185	1.672770802
810	0.809800108	1.672529483
811	0.8099147976	1.672025143
812	0.8101092467	1.671169719
813	0.8101803663	1.670856739
814	0.8103188088	1.670247319
815	0.8103566595	1.670080662
816	0.8104310358	1.669753136
817	0.8105400175	1.669273102
818	0.8106459795	1.668806238
819	0.8107767002	1.668230108
820	0.8109246329	1.667577878
821	0.8110621341	1.666971412
822	0.8111386471	1.666633846
823	0.8112087449	1.666324524
824	0.8112775331	1.666020924
825	0.8113769763	1.665581929
826	0.8114006488	1.665477409
827	0.8115719345	1.664720946
828	0.8116110512	1.664548143
829	0.8116623474	1.664321508
830	0.8117613429	1.663884044
831	0.8118929138	1.66330245
832	0.8119732484	1.66294724
833	0.8120609973	1.66255916
834	0.8121877653	1.661998354
835	0.8122561119	1.661695918
836	0.8122920833	1.661536721
837	0.812338186	1.661332665
838	0.8123925188	1.661092149
839	0.8125626089	1.660338982
840	0.8126935382	1.659758988
841	0.8127770365	1.659389
842	0.8129422975	1.65865647
843	0.8130733083	1.658075526
844	0.813154494	1.657715421
845	0.8132563413	1.657263558
846	0.8133756562	1.656734042
847	0.8135000598	1.656181761
848	0.8136418529	1.655552056
849	0.8136771218	1.65539539
850	0.8137212405	1.65519939
851	0.8137899527	1.654894087
852	0.8138313426	1.654710156
853	0.8138903626	1.654447843
854	0.8139663966	1.654109852
855	0.8140118081	1.653907952
856	0.8141946982	1.653094573
857	0.8143721323	1.652305076
858	0.8144929494	1.651767282
859	0.8145150696	1.651668799
860	0.814582643	1.651367915
861	0.8146614086	1.651017125
862	0.8147293487	1.650714489
863	0.8149159975	1.649882783
864	0.8150229228	1.649406135
865	0.8150568255	1.649254976
866	0.8151482824	1.648847136
867	0.8151844333	1.648685898
868	0.8152764471	1.648275433
869	0.8154184012	1.647641988
870	0.8155497779	1.647055526
871	0.8155714892	1.646958587
872	0.8156052764	1.646807719
873	0.8157184886	1.646302099
874	0.8158380267	1.645768058
875	0.8160152904	1.644975806
876	0.8161849669	1.644217107
877	0.8163189722	1.643617662
878	0.8164441717	1.643057411
879	0.8164771364	1.642909866
880	0.8165937343	1.642387887
881	0.8167103858	1.641865502
882	0.816819427	1.641377046
883	0.8168613399	1.641189257
884	0.8169469352	1.640805683
885	0.8170218526	1.640469885
886	0.8170997021	1.640120873
887	0.8171204147	1.640028002
888	0.8171869936	1.639729442
889	0.8172286418	1.63954265
890	0.8172702328	1.639356095
891	0.8173959742	1.638791954
892	0.8175036825	1.638308565
893	0.8175610218	1.638051172
894	0.8176721227	1.637552329
895	0.8177821699	1.637058068
896	0.8178299235	1.636843543
897	0.8179028428	1.636515911
898	0.8180036398	1.636062914
899	0.8181413062	1.635444019
900	0.8181880686	1.63523374
901	0.8182898901	1.63477578
902	0.8183837276	1.634353615
903	0.818551223	1.633599801
904	0.8187152351	1.632861326
905	0.8187457021	1.632724109
906	0.818919746	1.631940034
907	0.8189551193	1.63178063
908	0.8190139946	1.631515284
909	0.8191345855	1.630971654
910	0.8192949326	1.630248521
911	0.819412283	1.62971909
912	0.8194822029	1.629403563
913	0.819582291	1.628951789
914	0.8196893342	1.628468483
915	0.8198056541	1.627943129
916	0.8199374851	1.627347514
917	0.820031324	1.626923416
918	0.8200971788	1.626625724
919	0.8202385997	1.625986256
920	0.8203533482	1.625467209
921	0.8204603577	1.624983019
922	0.8206062829	1.624322512
923	0.820709857	1.623853538
924	0.8207776949	1.623546301
925	0.820872858	1.62311521
926	0.8209765215	1.622645482
927	0.8210574519	1.622278669
928	0.8211098593	1.622041091
929	0.8211602812	1.621812481
930	0.8212940091	1.62120601
931	0.8213785128	1.62082266
932	0.8214031047	1.620711081
933	0.8215567343	1.620013861
934	0.8216674676	1.619511132
935	0.8217921855	1.618944725
936	0.8219072473	1.618421997
937	0.8220579755	1.617736978
938	0.8221201933	1.617454131
939	0.8221879665	1.617145972
940	0.8222886425	1.616688099
941	0.8223178887	1.616555063
942	0.8224284218	1.616052169
943	0.8225491745	1.615502599
944	0.8226876411	1.61487218
945	0.8227668632	1.614511382
946	0.8228979165	1.613914355
947	0.8230017668	1.613441096
948	0.823161994	1.612710649
949	0.8233349437	1.611921831
950	0.8234342887	1.611468547
951	0.8234895704	1.611216256
952	0.8236269965	1.61058891
953	0.8237265685	1.610134214
954	0.8238549615	1.609547718
955	0.8239611171	1.609062639
956	0.8240655685	1.608585206
957	0.8242095873	1.607926682
958	0.8243810789	1.607142187
959	0.8244437842	1.606855244
960	0.824553157	1.606354625
961	0.8246458186	1.605930374
962	0.8246624125	1.605854387
963	0.824844415	1.605020723
964	0.8250234642	1.604200163
965	0.8252131698	1.603330308
966	0.8253841279	1.602546012
967	0.8254455535	1.602264119
968	0.8255657678	1.60171229
969	0.8256018604	1.601546575
970	0.8256598983	1.601280063
971	0.8256850364	1.601164615
972	0.82573521	1.600934164
973	0.8258247355	1.600522886
974	0.8258858606	1.600242017
975	0.8259079574	1.600140471
976	0.8259263793	1.600055808
977	0.8260122826	1.599660954
978	0.8260390139	1.599538064
979	0.8260783116	1.599357387
980	0.8261511722	1.599022344
981	0.8262074416	1.598763547
982	0.8263101726	1.598290952
983	0.8263695173	1.598017884
984	0.8264276937	1.597750147
985	0.826521436	1.597318635
986	0.8265604253	1.597139126
987	0.8266611176	1.596675441
988	0.8267441117	1.596293153
989	0.8268730103	1.595699239
990	0.8269570937	1.595311697
991	0.8270662824	1.594808303
992	0.8271664364	1.594346422
993	0.8273278377	1.593601804
994	0.8273534852	1.593483449
995	0.8273995766	1.593270729
996	0.827481417	1.59289295
997	0.8275375943	1.592633582
998	0.8277222141	1.591780903
999	0.8278304791	1.59128066
1000	0.8279401847	1.590773601
1001	0.8279942617	1.590523598
1002	0.8281456499	1.589823506
1003	0.8282361349	1.589404913
1004	0.8282796419	1.589203606
1005	0.8283361933	1.588941904
1006	0.8284525709	1.58840321
1007	0.8285720271	1.587850075
1008	0.8286661155	1.587414269
1009	0.8287812073	1.586881015
1010	0.8288065725	1.586763466
1011	0.8288768911	1.586437547
1012	0.8290089191	1.58582543
1013	0.8290407617	1.585677764
1014	0.8291319047	1.585255024
1015	0.8292188545	1.584851628
1016	0.8292563083	1.584677832
1017	0.8293577104	1.584207204
1018	0.8294843079	1.583619443
1019	0.8295373588	1.583373076
1020	0.8296435292	1.582879907
1021	0.8297791083	1.58224991
1022	0.8299599187	1.581409346
1023	0.8300270941	1.581096942
1024	0.830129003	1.58062289
1025	0.8301569617	1.580492809
1026	0.8302610189	1.580008577
1027	0.8303935645	1.579391559
1028	0.8305743393	1.578549638
1029	0.8306513333	1.578190919
1030	0.8307525633	1.577719158
1031	0.8308641241	1.577199089
1032	0.8308988847	1.577037009
1033	0.8309381714	1.576853804
1034	0.8310184399	1.576479424
1035	0.8310911124	1.576140396
1036	0.8311790832	1.575729901
1037	0.8312997474	1.575166676
1038	0.8313229692	1.575058261
1039	0.8313957225	1.57471855
1040	0.8314241747	1.574585676
1041	0.8315103023	1.574183386
1042	0.8316298617	1.573624771
1043	0.8317387943	1.573115635
1044	0.8318027909	1.572816446
1045	0.8319122113	1.572304766
1046	0.8319969234	1.571908515
1047	0.8321049058	1.571403269
1048	0.8321893985	1.571007817
1049	0.8323491317	1.570259945
1050	0.8324262499	1.569898749
1051	0.8325511081	1.569313779
1052	0.8326210532	1.568985986
1053	0.8327117224	1.568560968
1054	0.8327518643	1.568372764
1055	0.8328846101	1.567750227
1056	0.8329791823	1.567306562
1057	0.8330566749	1.566942928
1058	0.8331467123	1.566520323
1059	0.8332482829	1.566043446
1060	0.8332990682	1.565804954
1061	0.8333292837	1.565663042
1062	0.83343654	1.565159192
1063	0.8335060222	1.564832703
1064	0.8336004222	1.56438902
1065	0.8337739158	1.563573266
1066	0.8338237788	1.563338735
1067	0.8339715943	1.562643277
1068	0.834018896	1.562420662
1069	0.8341864425	1.561631885
1070	0.8342734262	1.561222225
1071	0.8343917267	1.560664902
1072	0.8344139971	1.560559963
1073	0.8345176018	1.560071676
1074	0.8346307333	1.559538316
1075	0.8347762514	1.558852001
1076	0.8348310338	1.558593549
1077	0.8348607891	1.558453152
1078	0.8349307452	1.558123022
1079	0.8349536838	1.558014757
1080	0.8350371458	1.557620772
1081	0.8350725438	1.557453645
1082	0.835123374	1.557213625
1083	0.8352515288	1.556608314
1084	0.8353320411	1.556227912
1085	0.8353797146	1.556002621
1086	0.8354995211	1.555436308
1087	0.8355336178	1.555275099
1088	0.8356387959	1.554777712
1089	0.8356732518	1.554614735
1090	0.8357157733	1.554413584
1091	0.835799434	1.554017746
1092	0.835890972	1.553584522
1093	0.8359233437	1.553431286
1094	0.8360337097	1.552908741
1095	0.836113588	1.552530436
1096	0.8361977564	1.552131712
1097	0.8362454395	1.551905781
1098	0.8362772923	1.551754839
1099	0.8363923914	1.551209292
1100	0.8365251747	1.550579686
1101	0.8366353356	1.550057153
1102	0.8367239866	1.549636521
1103	0.836810596	1.549225466
1104	0.8368369055	1.549100578
1105	0.8368765089	1.548912565
1106	0.8368954972	1.548822412
1107	0.8369879857	1.54838322
1108	0.8370640706	1.548021828
1109	0.8371657722	1.547538629
1110	0.8372254933	1.547254816
1111	0.8373368101	1.546725664
1112	0.8373573226	1.546628136
1113	0.8375182408	1.545862832
1114	0.8375536411	1.545694423
1115	0.8376304493	1.54532896
1116	0.8377579179	1.544722259
1117	0.8377943341	1.544548889
1118	0.8379286855	1.543909098
1119	0.8380106662	1.54351857
1120	0.8380862666	1.543158348
1121	0.8381332212	1.542934575
1122	0.8382647797	1.542307432
1123	0.8383109853	1.542087108
1124	0.8384525597	1.541411837
1125	0.8384837685	1.541262939
1126	0.8384956387	1.541206303
1127	0.838519274	1.541093525
1128	0.8385998537	1.54070897
1129	0.8386731696	1.540358998
1130	0.838833555	1.539593122
1131	0.8388606206	1.53946384
1132	0.8389056249	1.539248848
1133	0.8389455171	1.539058253
1134	0.8389763384	1.538910979
1135	0.8390692978	1.538466706
1136	0.8391594347	1.538035801
1137	0.8392972312	1.537376821
1138	0.8393724906	1.537016791
1139	0.8395314198	1.536256219
1140	0.8395934304	1.53595936
1141	0.8396647342	1.53561794
1142	0.8397860711	1.535036775
1143	0.8398597053	1.534683984
1144	0.8399630715	1.534188606
1145	0.8399824369	1.53409578
1146	0.8400417838	1.533811273
1147	0.84008374	1.533610104
1148	0.8401517578	1.533283921
1149	0.8402502446	1.5328115
1150	0.84032444	1.532455503
1151	0.84045742	1.531817245
1152	0.8405636021	1.531307417
1153	0.8405937954	1.531162414
1154	0.8407270982	1.530522066
1155	0.8407645086	1.530342309
1156	0.8408632858	1.529867584
1157	0.8409398623	1.529499453
1158	0.8410230695	1.529099347
1159	0.8412437267	1.528037797
1160	0.841268996	1.527916183
1161	0.8414012123	1.527279705
1162	0.8414658446	1.526968474
1163	0.8415377093	1.526622342
1164	0.8416164349	1.526243074
1165	0.8416380505	1.526138923
1166	0.8416891622	1.525892621
1167	0.84173341	1.525679363
1168	0.8417625936	1.525538692
1169	0.8418304346	1.525211636
1170	0.842001842	1.52438498
1171	0.8420377976	1.524211519
1172	0.8421083407	1.523871138
1173	0.8421903115	1.523475521
1174	0.8423877416	1.52252224
1175	0.8424647222	1.522150381
1176	0.8424927479	1.522014979
1177	0.8425137959	1.52191328
1178	0.8427184759	1.520923967
1179	0.8427509071	1.520767153
1180	0.8428203834	1.52043116
1181	0.8428469059	1.520302876
1182	0.8428833543	1.520126565
1183	0.8430003595	1.519560438
1184	0.843055043	1.519295781
1185	0.8431351617	1.518907939
1186	0.8431612755	1.518781505
1187	0.843187198	1.518655987
1188	0.8432018884	1.518584851
1189	0.843329667	1.517965959
1190	0.8434027871	1.51761169
1191	0.8434373688	1.517444112
1192	0.8435702658	1.51679994
1193	0.8436726973	1.516303252
1194	0.8437619441	1.515870364
1195	0.8437803373	1.515781133
1196	0.8438652828	1.515368969
1197	0.8439795776	1.514814221
1198	0.8440227257	1.514604743
1199	0.844107446	1.514193352
1200	0.8441254965	1.514105687
1201	0.844192803	1.513778757
1202	0.8442680823	1.513413016
1203	0.8443302851	1.513110741
1204	0.8444182044	1.512683392
1205	0.8444653937	1.51245397
1206	0.8445325113	1.512127601
1207	0.8446439371	1.511585622
1208	0.844671447	1.511451783
1209	0.8447113674	1.511257545
1210	0.8447941393	1.510854726
1211	0.8448467024	1.510598866
1212	0.8448643078	1.510513159
1213	0.84497474	1.50997544
1214	0.8451740562	1.509004438
1215	0.8452101172	1.508828695
1216	0.845304589	1.508368188
1217	0.8454159621	1.507825115
1218	0.8454509003	1.50765471
1219	0.8455278983	1.507279099
1220	0.8455583919	1.507130319
1221	0.8455964022	1.506944844
1222	0.8456591334	1.506638692
1223	0.8457587628	1.506152334
1224	0.8458236132	1.505835672
1225	0.8458572834	1.505671235
1226	0.8459637329	1.505151244
1227	0.846055128	1.504704648
1228	0.8461690253	1.504147912
1229	0.8462830388	1.5035904
1230	0.846379335	1.503119364
1231	0.8464459836	1.502793263
1232	0.8464830112	1.502612062
1233	0.8465137414	1.502461662
1234	0.8466262812	1.50191074
1235	0.8466961257	1.501568726
1236	0.8467715459	1.50119932
1237	0.8468391345	1.500868197
1238	0.8469792359	1.500181592
1239	0.8470624924	1.499773423
1240	0.8471834646	1.499180152
1241	0.847286407	1.498675117
1242	0.8473007304	1.498604833
1243	0.8473750539	1.49824008
1244	0.8474091024	1.498072952
1245	0.8474713346	1.497767437
1246	0.8475848154	1.497210166
1247	0.8476114575	1.497079305
1248	0.847764797	1.496325904
1249	0.8477862038	1.496220696
1250	0.8478175073	1.496066836
1251	0.8478517842	1.495898343
1252	0.8478649741	1.495833501
1253	0.8478971887	1.495675121
1254	0.8479512666	1.495409215
1255	0.8481030801	1.494662481
1256	0.848194429	1.494212978
1257	0.8482668135	1.493856697
1258	0.8483765376	1.493316467
1259	0.8484817143	1.492798442
1260	0.848581822	1.492305217
1261	0.8486900856	1.491771624
1262	0.848817244	1.491144662
1263	0.8488859619	1.490805734
1264	0.8489390629	1.490543779
1265	0.8490283354	1.490103281
1266	0.8490913494	1.489792272
1267	0.8491727386	1.489390474
1268	0.8492155501	1.489179082
1269	0.8492590307	1.488964354
1270	0.8492924849	1.488799121
1271	0.8493510186	1.488509973
1272	0.849379554	1.488368992
1273	0.8494442739	1.48804919
1274	0.849477809	1.487883456
1275	0.8495434333	1.487559079
1276	0.8496058774	1.487250355
1277	0.8496452871	1.487055481
1278	0.8496886555	1.486841002
1279	0.8497590232	1.486492931
1280	0.8498201777	1.486190367
1281	0.8498866709	1.48586132
1282	0.8500363745	1.485120233
1283	0.8500701476	1.484952992
1284	0.8500789814	1.484909245
1285	0.850176032	1.484428543
1286	0.8502541378	1.484041564
1287	0.8502676781	1.483974467
1288	0.8503112984	1.483758294
1289	0.850406085	1.483288444
1290	0.8504326314	1.483156828
1291	0.8504650413	1.482996126
1292	0.8504914321	1.482865257
1293	0.85053144	1.482666839
1294	0.8505501531	1.482574023
1295	0.8506566446	1.48204572
1296	0.8506918613	1.481870969
1297	0.8507168217	1.481747099
1298	0.8508065467	1.481301738
1299	0.8508516458	1.481077832
1300	0.8509406632	1.480635785
1301	0.8509652504	1.480513665
1302	0.8510417802	1.480133492
1303	0.8510663634	1.480011351
1304	0.8511340901	1.479674799
1305	0.8512032955	1.479330821
1306	0.8512587972	1.479054897
1307	0.8513571541	1.478565795
1308	0.8514426185	1.478140672
1309	0.8514735813	1.477986624
1310	0.8515172381	1.477769394
1311	0.8515756061	1.477478913
1312	0.8516415844	1.477150489
1313	0.8516611027	1.477053317
1314	0.8516916382	1.476901284
1315	0.8517550789	1.476585369
1316	0.8517939029	1.476392004
1317	0.8518326146	1.476199173
1318	0.8519242771	1.475742483
1319	0.8519737343	1.475496014
1320	0.8520268531	1.475231252
1321	0.852059653	1.475067742
1322	0.8521459738	1.47463734
1323	0.8521655923	1.474539503
1324	0.8522969759	1.47388413
1325	0.8523539677	1.473599751
1326	0.8523956266	1.473391845
1327	0.8524601906	1.47306957
1328	0.8525552514	1.47259494
1329	0.8525903971	1.472419421
1330	0.8526468114	1.472137644
1331	0.852768687	1.471528716
1332	0.8528454194	1.471145209
1333	0.8528720863	1.471011905
1334	0.8528978836	1.470882936
1335	0.8529290658	1.470727031
1336	0.852949057	1.470627071
1337	0.8529646165	1.470549265
1338	0.8530700308	1.470022029
1339	0.8531833281	1.469455154
1340	0.8531986077	1.469378688
1341	0.8533433202	1.468654274
1342	0.8533631716	1.468554872
1343	0.853427711	1.468231658
1344	0.8534915885	1.467911689
1345	0.8535071558	1.4678337
1346	0.8535215953	1.467761358
1347	0.8536234234	1.467251094
1348	0.8536502265	1.467116753
1349	0.8536619168	1.467058156
1350	0.853754867	1.466592163
1351	0.8538842642	1.465943202
1352	0.8539182034	1.46577294
1353	0.8539437019	1.46564501
1354	0.8539773373	1.465476237
1355	0.8540790032	1.464965992
1356	0.854104231	1.46483935
1357	0.8541581043	1.464568872
1358	0.8542418141	1.464148498
1359	0.8542923417	1.4638947
1360	0.8543543812	1.463583018
1361	0.8543740241	1.463484319
1362	0.8544416742	1.463144351
1363	0.8544968566	1.46286698
1364	0.8545116613	1.462792556
1365	0.8545330297	1.462685129
1366	0.8546352053	1.462171346
1367	0.8547242532	1.461723427
1368	0.8547569724	1.461558812
1369	0.8548441556	1.46112009
1370	0.8549661667	1.460505887
1371	0.855002916	1.460320841
1372	0.8550491042	1.460088233
1373	0.8550640006	1.460013205
1374	0.8550784953	1.459940197
1375	0.8551913485	1.459371645
1376	0.8553013415	1.458817288
1377	0.8553224408	1.458710926
1378	0.8553949191	1.458345498
1379	0.8554143633	1.458247448
1380	0.8554877568	1.457877289
1381	0.8555131922	1.457748983
1382	0.8556132119	1.457244339
1383	0.8556638489	1.456988786
1384	0.855692967	1.456841813
1385	0.8558932203	1.455830641
1386	0.8559292626	1.455648572
1387	0.8560331709	1.455123548
1388	0.8560563109	1.455006601
1389	0.8560886027	1.454843386
1390	0.8561424092	1.454571388
1391	0.8561653592	1.454455357
1392	0.8561912463	1.454324466
1393	0.8562507258	1.45402368
1394	0.8562750281	1.453900766
1395	0.8563605463	1.453468157
1396	0.8564420041	1.453055968
1397	0.8565011321	1.452756698
1398	0.8565278079	1.452621662
1399	0.8566003126	1.452254568
1400	0.8566231361	1.452138994
1401	0.8566582917	1.451960953
1402	0.8566818088	1.451841841
1403	0.8567044279	1.451727269
1404	0.8568221904	1.45113062
1405	0.8569121211	1.450674817
1406	0.8569356681	1.450555448
1407	0.8569592067	1.450436112
1408	0.8570190803	1.450132521
1409	0.8570903592	1.449771016
1410	0.8571071552	1.449685818
1411	0.8571868068	1.449281719
1412	0.8572650795	1.448884505
1413	0.8573481256	1.448462948
1414	0.8573731801	1.448335743
1415	0.8574495837	1.447947762
1416	0.8574660552	1.447864106
1417	0.8574903611	1.44774065
1418	0.8575071453	1.447655393
1419	0.8575416141	1.44748029
1420	0.8575610457	1.447381567
1421	0.8576188228	1.447087989
1422	0.8576410332	1.446975117
1423	0.857712585	1.446611435
1424	0.8577350996	1.44649698
1425	0.8577733011	1.446302757
1426	0.8577775924	1.446280938
1427	0.8577959653	1.446187517
1428	0.8578269091	1.446030162
1429	0.8578836753	1.445741451
1430	0.8579034909	1.445640656
1431	0.8579808772	1.445246951
1432	0.8580696272	1.444795302
1433	0.8581317626	1.44447901
1434	0.8581475794	1.444398486
1435	0.8581860593	1.444202564
1436	0.8582081379	1.444090138
1437	0.858230489	1.443976315
1438	0.8582996931	1.443623837
1439	0.858321301	1.443513764
1440	0.8583399572	1.44341872
1441	0.8583565397	1.443334236
1442	0.8583732433	1.443249129
1443	0.8584698016	1.442757055
1444	0.8584938051	1.442634705
1445	0.858510448	1.442549866
1446	0.8585859476	1.442164939
1447	0.8586010375	1.442087992
1448	0.8587520109	1.441317919
1449	0.8588555229	1.440789695
1450	0.8588595744	1.440769017
1451	0.858875003	1.440690266
1452	0.858896088	1.440582638
1453	0.8589384429	1.440366413
1454	0.8589840173	1.440133716
1455	0.8589986586	1.440058952
1456	0.8590836816	1.439624713
1457	0.8591126915	1.43947652
1458	0.8591272298	1.439402248
1459	0.8591416367	1.439328643
1460	0.8591455136	1.439308835
1461	0.8592331018	1.43886126
1462	0.8592478739	1.43878576
1463	0.8593235001	1.438399178
1464	0.8593376912	1.438326626
1465	0.8594629667	1.437685987
1466	0.8595421812	1.43728075
1467	0.8595636875	1.437170711
1468	0.8595838854	1.437067359
1469	0.8596863399	1.436542986
1470	0.8597942055	1.435990711
1471	0.8598803737	1.435549375
1472	0.8598943097	1.435477985
1473	0.8599394114	1.435246917
1474	0.859943136	1.435227833
1475	0.8601250263	1.434295573
1476	0.8601462678	1.434186662
1477	0.8601748598	1.434040051
1478	0.860250564	1.433651789
1479	0.8602883915	1.433457745
1480	0.8603475426	1.433154264
1481	0.8604159116	1.43280341
1482	0.8605110499	1.432315038
1483	0.8605551399	1.432088656
1484	0.8605747304	1.431988056
1485	0.8605882859	1.431918442
1486	0.8606020162	1.431847928
1487	0.8606229864	1.431740224
1488	0.8607688593	1.430990794
1489	0.8607823563	1.430921432
1490	0.8607971199	1.430845558
1491	0.8608700686	1.430470594
1492	0.8608833227	1.430402457
1493	0.860967878	1.42996769
1494	0.8610406822	1.42959324
1495	0.8611412885	1.429075635
1496	0.8612269255	1.428634896
1497	0.8612401686	1.428566728
1498	0.8613247914	1.428131055
1499	0.8615042341	1.42720677
1500	0.8615173097	1.427139396
1501	0.861570428	1.426865664
1502	0.8615899235	1.426765185
1503	0.8616029712	1.426697934
1504	0.8616554582	1.426427371
1505	0.8616851643	1.426274218
1506	0.8617418098	1.425982129
1507	0.8618416951	1.425466933
1508	0.8619408127	1.424955511
1509	0.8620391753	1.424447804
1510	0.8622230522	1.423498221
1511	0.8622398802	1.423411286
1512	0.8624072844	1.422546168
1513	0.8624240085	1.422459712
1514	0.8624843177	1.422147896
1515	0.8625191476	1.421967784
1516	0.86253844	1.42186801
1517	0.8625575938	1.421768945
1518	0.862576012	1.421673679
1519	0.8625882459	1.421610397
1520	0.8626779109	1.421146501
1521	0.8627072761	1.420994542
1522	0.8627262178	1.420896515
1523	0.8627779606	1.420628699
1524	0.8628124119	1.420450355
1525	0.8628251617	1.420384347
1526	0.8628409879	1.420302408
1527	0.8629251827	1.419866416
1528	0.8629747357	1.41960975
1529	0.863077142	1.419079175
1530	0.8631417027	1.41874458
1531	0.8631602862	1.418648253
1532	0.8631799074	1.418546541
1533	0.8631925083	1.418481217
1534	0.8632752947	1.418051969
1535	0.8632878422	1.417986898
1536	0.8633152983	1.417844503
1537	0.8633277355	1.417779996
1538	0.8633530476	1.417648701
1539	0.8633755721	1.417531856
1540	0.8633878884	1.41746796
1541	0.8634585933	1.417101101
1542	0.8634708585	1.417037452
1543	0.8634830562	1.416974151
1544	0.8635244286	1.416759423
1545	0.8635533047	1.416609532
1546	0.8636209339	1.416258421
1547	0.8636495283	1.416109941
1548	0.8636907699	1.415895761
1549	0.863771844	1.415474625
1550	0.8638449805	1.415094612
1551	0.8638769565	1.414928435
1552	0.8638890107	1.414865785
1553	0.8640048616	1.414263525
1554	0.8640269638	1.414148596
1555	0.864116465	1.413683104
1556	0.8641198268	1.413665616
1557	0.8641380703	1.413570712
1558	0.8641499753	1.413508779
1559	0.8641681171	1.413414393
1560	0.8641964073	1.413267197
1561	0.8642082607	1.413205519
1562	0.8642200346	1.413144251
1563	0.8642317379	1.413083348
1564	0.8643953326	1.41223174
1565	0.8644069726	1.412171127
1566	0.8644474508	1.411960326
1567	0.8644589878	1.411900238
1568	0.8644897527	1.411739993
1569	0.8645026576	1.41167277
1570	0.8645505665	1.41142318
1571	0.8645619425	1.411363908
1572	0.8645826079	1.411256229
1573	0.8646972437	1.410658763
1574	0.8647478282	1.410395043
1575	0.8647591152	1.410336192
1576	0.8649515578	1.409332408
1577	0.8649780255	1.409194295
1578	0.8650384995	1.408878683
1579	0.8650784959	1.408669904
1580	0.8651064447	1.408523995
1581	0.8651178463	1.408464467
1582	0.8651517224	1.408287586
1583	0.8651722471	1.408180407
1584	0.8651834127	1.408122097
1585	0.8651919915	1.408077295
1586	0.8652035351	1.408017007
1587	0.8652184248	1.407939239
1588	0.8652294362	1.407881725
1589	0.8652404028	1.407824443
1590	0.8652514804	1.407766578
1591	0.86526233	1.407709902
1592	0.8652731105	1.407653585
1593	0.865329606	1.407358416
1594	0.8653472568	1.407266184
1595	0.8653626692	1.407185643
1596	0.865426312	1.406853017
1597	0.8654369919	1.406797192
1598	0.8654478064	1.40674066
1599	0.8654818576	1.406562646
1600	0.8655147333	1.406390757
1601	0.8655253198	1.406335401
1602	0.8656648137	1.405605799
1603	0.8657392185	1.40521648
1604	0.8657497521	1.405161355
1605	0.8657602199	1.405106572
1606	0.8657706296	1.405052091
1607	0.8657736447	1.405036311
1608	0.8657766088	1.405020797
1609	0.8658788984	1.404485323
1610	0.8660172237	1.40376088
1611	0.8661006908	1.403323563
1612	0.8661620396	1.403002045
1613	0.8662518908	1.402531018
1614	0.866264514	1.40246483
1615	0.8662749512	1.402410103
1616	0.8662851435	1.402356657
1617	0.8663024863	1.402265711
1618	0.8663843421	1.40183638
1619	0.8664796033	1.401336571
1620	0.8664897426	1.401283363
1621	0.8665073007	1.401191217
1622	0.866517361	1.401138418
1623	0.866527397	1.401085744
1624	0.8666627972	1.400374904
1625	0.8666838291	1.400264456
1626	0.866781053	1.399753775
1627	0.8667909809	1.399701617
1628	0.8668100559	1.399601397
1629	0.8668199565	1.399549377
1630	0.8668423641	1.399431635
1631	0.8668599125	1.399339419
1632	0.8669127536	1.399061704
1633	0.8669401341	1.398917779
1634	0.8669703403	1.398758985
1635	0.8669800234	1.398708076
1636	0.8670497227	1.398341584
1637	0.867061653	1.398278842
1638	0.8670712358	1.398228444
1639	0.8670862715	1.398149365
1640	0.8670988651	1.398083126
1641	0.8671677029	1.397721001
1642	0.8671949058	1.397577873
1643	0.8672044612	1.397527594
1644	0.8672072487	1.397512926
1645	0.867228455	1.397401334
1646	0.867237945	1.397351393
1647	0.8672548725	1.397262307
1648	0.8673324861	1.396853771
1649	0.8673742649	1.39663381
1650	0.8673836141	1.396584582
1651	0.8673863303	1.39657028
1652	0.8673956181	1.396521373
1653	0.8674472945	1.396249232
1654	0.8675869854	1.395513318
1655	0.8675962759	1.395464361
1656	0.8676136228	1.395372945
1657	0.8677104913	1.394862346
1658	0.8677131601	1.394848277
1659	0.8677520929	1.394643005
1660	0.8678924922	1.393902506
1661	0.8678951234	1.393888625
1662	0.8679939704	1.393367041
1663	0.8680119189	1.393272312
1664	0.8680485869	1.393078764
1665	0.8680578889	1.39302966
1666	0.8682115811	1.392218092
1667	0.868242328	1.392055676
1668	0.8682515776	1.392006813
1669	0.8683135586	1.39167934
1670	0.8683385418	1.391547321
1671	0.8683529457	1.391471201
1672	0.8683621246	1.39142269
1673	0.868371255	1.391374435
1674	0.8684136326	1.391150442
1675	0.8684227479	1.391102257
1676	0.8684316587	1.391055151
1677	0.8685183822	1.390596618
1678	0.8685436003	1.390463253
1679	0.8686220421	1.390048337
1680	0.8686867358	1.389706048
1681	0.8686957152	1.389658533
1682	0.8687045415	1.389611825
1683	0.8687230682	1.38951378
1684	0.8687321563	1.389465682
1685	0.8687408584	1.389419625
1686	0.8687496481	1.389373104
1687	0.8687761845	1.389232644
1688	0.8687910371	1.389154021
1689	0.8688056134	1.389076857
1690	0.8688142259	1.389031262
1691	0.8689236411	1.388451882
1692	0.8690148341	1.387968808
1693	0.8690321248	1.387877196
1694	0.8690408096	1.387831178
1695	0.8690493325	1.387786017
1696	0.8690611515	1.387723388
1697	0.8690757103	1.387646237
1698	0.8690923484	1.387558062
1699	0.8691748489	1.38712076
1700	0.8691993764	1.386990723
1701	0.8692078102	1.386946007
1702	0.8692163793	1.386900572
1703	0.8692248737	1.386855532
1704	0.8692856329	1.386533322
1705	0.8693117941	1.386394565
1706	0.8693202498	1.386349713
1707	0.869414634	1.385848973
1708	0.8694230642	1.385804239
1709	0.8694323435	1.385754998
1710	0.8694407324	1.38571048
1711	0.8694490596	1.385666289
1712	0.8694750568	1.385528315
1713	0.8694773998	1.38551588
1714	0.8694855383	1.385472683
1715	0.8695304992	1.385234022
1716	0.8695387873	1.385190023
1717	0.8695554836	1.385101382
1718	0.8695990072	1.384870289
1719	0.8697048374	1.384308212
1720	0.8697149876	1.384254291
1721	0.8697768554	1.383925585
1722	0.8697850167	1.383882218
1723	0.8698109699	1.3837443
1724	0.8698296258	1.383645152
1725	0.8699205637	1.383161756
1726	0.8700197165	1.382634499
1727	0.87003364	1.382560443
1728	0.8701240081	1.382079699
1729	0.8702518013	1.381399574
1730	0.8703863141	1.380683324
1731	0.8704133713	1.380539207
1732	0.8704213152	1.380496891
1733	0.8704806672	1.380180695
1734	0.8704885931	1.380138464
1735	0.8705660329	1.379725784
1736	0.8706033327	1.379526967
1737	0.8706111381	1.379485359
1738	0.8706133915	1.379473347
1739	0.8706156211	1.379461461
1740	0.8706948037	1.379039285
1741	0.8707026881	1.378997241
1742	0.8707174188	1.378918684
1743	0.8707436751	1.378778653
1744	0.8707513391	1.378737777
1745	0.8708864136	1.378017147
1746	0.8709119627	1.377880798
1747	0.8709197229	1.377839382
1748	0.8709701256	1.377570349
1749	0.8710600288	1.377090346
1750	0.8710914089	1.376922764
1751	0.8710990393	1.376882012
1752	0.871106708	1.376841054
1753	0.871114338	1.376800301
1754	0.871121935	1.376759724
1755	0.8711361084	1.376684017
1756	0.8711435362	1.37664434
1757	0.8712213431	1.376228651
1758	0.8712287618	1.376189009
1759	0.871355058	1.375513974
1760	0.8713627871	1.375472652
1761	0.8713792503	1.375384632
1762	0.8713865719	1.375345485
1763	0.8714368974	1.375076378
1764	0.8714442361	1.375037131
1765	0.8714516127	1.37499768
1766	0.871483665	1.374826248
1767	0.8714857359	1.374815171
1768	0.8715357038	1.374547873
1769	0.8715862698	1.374277322
1770	0.8716142024	1.374127848
1771	0.8716298013	1.374044366
1772	0.8717170749	1.373577209
1773	0.8718096074	1.373081728
1774	0.8718372503	1.372933675
1775	0.8718852375	1.372676621
1776	0.8719185366	1.372498219
1777	0.8719257983	1.372459311
1778	0.8719431165	1.372366516
1779	0.8719503419	1.372327799
1780	0.8719695852	1.372224678
1781	0.8720955837	1.371549288
1782	0.8721059664	1.371493619
1783	0.8721632938	1.371186205
1784	0.8722411048	1.370768838
1785	0.8723052253	1.370424809
1786	0.8723124752	1.370385906
1787	0.8723644644	1.370106894
1788	0.8723715963	1.370068615
1789	0.8724289704	1.36976063
1790	0.8724359495	1.369723161
1791	0.872442894	1.369685877
1792	0.8726089565	1.368794012
1793	0.8726159075	1.368756668
1794	0.8727126993	1.368236549
1795	0.8727442169	1.368067145
1796	0.8727614617	1.367974446
1797	0.8727779323	1.367885903
1798	0.8727850061	1.367847874
1799	0.8729089579	1.367181331
1800	0.8729159945	1.367143482
1801	0.8730292047	1.366534401
1802	0.8730361153	1.366497212
1803	0.8730526587	1.366408182
1804	0.8730625019	1.366355207
1805	0.8730696219	1.366316887
1806	0.8731017479	1.366143969
1807	0.873224139	1.365484999
1808	0.873231043	1.365447818
1809	0.873299384	1.365079712
1810	0.8733911943	1.364585038
1811	0.8734612751	1.364207322
1812	0.8734678926	1.364171649
1813	0.8734774444	1.364120159
1814	0.8735640595	1.363653152
1815	0.8735900889	1.363512778
1816	0.8736144802	1.363381224
1817	0.8736389836	1.363249052
1818	0.8736409158	1.363238629
1819	0.8737517882	1.362640418
1820	0.8737584129	1.362604667
1821	0.8737753779	1.362513107
1822	0.8737818564	1.362478141
1823	0.8737884166	1.362442733
1824	0.873795023	1.362407074
1825	0.8738529551	1.362094345
1826	0.8738594523	1.362059267
1827	0.8739289027	1.361684254
1828	0.8739354106	1.361649108
1829	0.8739417356	1.361614949
1830	0.8739481517	1.361580297
1831	0.8739580671	1.361526744
1832	0.8739644435	1.361492304
1833	0.8740500468	1.361029863
1834	0.8740563945	1.360995565
1835	0.8741279934	1.360608648
1836	0.8741363514	1.360563474
1837	0.8741755006	1.36035186
1838	0.874201499	1.360211312
1839	0.8742172003	1.360126423
1840	0.8742233834	1.360092993
1841	0.8742296283	1.360059227
1842	0.8742358429	1.360025625
1843	0.8742419618	1.35999254
1844	0.8743619586	1.359343541
1845	0.8743859363	1.359213821
1846	0.8744368097	1.358938554
1847	0.8744857641	1.358673618
1848	0.874531088	1.358428283
1849	0.8745855766	1.358133282
1850	0.8745995194	1.358057785
1851	0.8746384434	1.357847
1852	0.8747129924	1.357443203
1853	0.8747192773	1.357409155
1854	0.874801179	1.356965383
1855	0.874825513	1.356833505
1856	0.8748315729	1.356800661
1857	0.8749581675	1.356114358
1858	0.8749642556	1.356081343
1859	0.8749828076	1.355980737
1860	0.8750814414	1.355445722
1861	0.8751253309	1.355207587
1862	0.8752177971	1.354705747
1863	0.875277507	1.354381586
1864	0.8753029359	1.354243511
1865	0.8753326335	1.35408224
1866	0.8753473708	1.354002202
1867	0.8754232288	1.353590147
1868	0.8754464536	1.353463966
1869	0.875522354	1.353051517
1870	0.8755656325	1.352816282
1871	0.8755716754	1.352783433
1872	0.8756886229	1.352147557
1873	0.8757961553	1.35156261
1874	0.8758404988	1.35132132
1875	0.8758464292	1.351289047
1876	0.8758591934	1.351219582
1877	0.8760689188	1.350077714
1878	0.876083923	1.349995986
1879	0.8760951818	1.349934655
1880	0.8761092167	1.349858198
1881	0.8761589691	1.349587131
1882	0.8761827041	1.349457796
1883	0.8762178718	1.34926614
1884	0.876236933	1.349162249
1885	0.8763457077	1.348569233
1886	0.8763515759	1.348537233
1887	0.8763653997	1.348461848
1888	0.8764039854	1.348251408
1889	0.8765190988	1.347623403
1890	0.8765939364	1.347214966
1891	0.8767692929	1.346257449
1892	0.8768510768	1.345810643
1893	0.8768569329	1.345778644
1894	0.8768817486	1.345643037
1895	0.8769224999	1.345420319
1896	0.8769283086	1.34538857
1897	0.8769339814	1.345357563
1898	0.8770024962	1.344983009
1899	0.8770565823	1.344687259
1900	0.8770623409	1.344655767
1901	0.8771353265	1.34425656
1902	0.8771924365	1.343944105
1903	0.8771981752	1.343912704
1904	0.8772039515	1.343881097
1905	0.8772284447	1.343747063
1906	0.877233996	1.343716683
1907	0.8772461259	1.343650298
1908	0.8772516589	1.343620016
1909	0.8772648498	1.343547819
1910	0.8773871366	1.342878333
1911	0.8773925928	1.342848454
1912	0.8774653911	1.342449735
1913	0.8774670154	1.342440837
1914	0.8775626437	1.341916895
1915	0.8776520705	1.341426746
1916	0.8776655153	1.341353039
1917	0.8777452743	1.340915704
1918	0.8777882156	1.340680188
1919	0.8778618036	1.340276492
1920	0.8779860736	1.339594484
1921	0.8779994314	1.339521154
1922	0.8780545543	1.339218506
1923	0.8781027325	1.33895393
1924	0.8782552515	1.338116012
1925	0.8783109837	1.337809696
1926	0.8784324607	1.33714179
1927	0.8784467481	1.337063213
1928	0.8784572275	1.337005576
1929	0.878462678	1.336975597
1930	0.878468063	1.336945978
1931	0.8784734177	1.336916525
1932	0.8784787457	1.336887218
1933	0.8784840632	1.336857968
1934	0.8784894667	1.336828244
1935	0.8784947749	1.336799044
1936	0.8785350709	1.336577358
1937	0.8785776431	1.336343109
1938	0.8786290125	1.3360604
1939	0.878645013	1.33597233
1940	0.8786576676	1.335902672
1941	0.8786630119	1.335873253
1942	0.8787816161	1.3352202
1943	0.8787869257	1.335190957
1944	0.8788022043	1.335106806
1945	0.8788108173	1.335059364
1946	0.8788910378	1.334617424
1947	0.8788962087	1.334588932
1948	0.8790072332	1.333977035
1949	0.8790773219	1.333590606
1950	0.8790958002	1.333488709
1951	0.8791420733	1.333233504
1952	0.8791474425	1.333203889
1953	0.8791696668	1.333081298
1954	0.8791917565	1.332959438
1955	0.8792766404	1.332491065
1956	0.8793303731	1.332194493
1957	0.8794368507	1.331606606
1958	0.8794453648	1.331559587
1959	0.8794992183	1.33126214
1960	0.8795413349	1.331029473
1961	0.879583171	1.330798315
1962	0.8796117669	1.33064029
1963	0.8796169745	1.330611511
1964	0.8796220962	1.330583205
1965	0.8796746925	1.33029249
1966	0.87967974	1.330264587
1967	0.8798053762	1.329569887
1968	0.8798261921	1.329454751
1969	0.8799046261	1.329020832
1970	0.8799096837	1.328992847
1971	0.8799146858	1.328965168
1972	0.8799197687	1.328937042
1973	0.8799248268	1.328909053
1974	0.8799754664	1.328628801
1975	0.8800035151	1.328473548
1976	0.8800742813	1.328081766
1977	0.8800827771	1.328034723
1978	0.8801374898	1.327731728
1979	0.8801552767	1.32763321
1980	0.880168025	1.327562596
1981	0.8801730672	1.327534665
1982	0.8802662504	1.327018388
1983	0.8803754385	1.32641318
1984	0.8803803609	1.32638589
1985	0.8803942531	1.326308866
1986	0.8803991449	1.326281743
1987	0.8804040196	1.326254715
1988	0.8804310294	1.326104944
1989	0.8805725714	1.325319811
1990	0.8805852635	1.325249385
1991	0.8806067044	1.325130405
1992	0.8806766533	1.324742172
1993	0.8807472818	1.324350051
1994	0.8807522935	1.324322222
1995	0.8807947176	1.324086628
1996	0.8808628789	1.323708019
1997	0.8808677993	1.323680684
1998	0.8809504774	1.323221285
1999	0.8809791408	1.32306198
2000	0.8810777966	1.322513527
2001	0.8810888424	1.322452106
2002	0.8811601649	1.322055446
2003	0.8811981865	1.32184394
2004	0.881235806	1.321634637
2005	0.881240638	1.321607751
2006	0.8812453655	1.321581446
2007	0.8812500554	1.321555349
2008	0.8813174237	1.321180429
2009	0.881365872	1.320910737
2010	0.8814507862	1.320437921
2011	0.881473058	1.32031388
2012	0.881499558	1.320166276
2013	0.8815944147	1.319637789
2014	0.8816213789	1.319487522
2015	0.8816260535	1.319461469
2016	0.881662152	1.319260267
2017	0.8817204956	1.318935013
2018	0.8817251396	1.31890912
2019	0.8817467796	1.318788458
2020	0.8817677665	1.318671427
2021	0.8818907487	1.317985424
2022	0.8819822392	1.317474852
2023	0.8819869397	1.317448616
2024	0.8820646482	1.317014791
2025	0.8821711685	1.316419887
2026	0.8821757355	1.316394375
2027	0.8821892705	1.316318763
2028	0.8822207768	1.316142739
2029	0.8822264934	1.316110797
2030	0.8822398239	1.316036312
2031	0.8823216421	1.31557905
2032	0.8824270279	1.314989841
2033	0.8824316824	1.314963811
2034	0.8824363083	1.314937941
2035	0.8824408263	1.314912674
2036	0.8824453048	1.314887628
2037	0.882449866	1.314862118
2038	0.8824544028	1.314836745
2039	0.8825045591	1.314556197
2040	0.88250903	1.314531186
2041	0.882546298	1.314322686
2042	0.8825507939	1.31429753
2043	0.8825729486	1.314173565
2044	0.8825949486	1.314050454
2045	0.8826157628	1.313933968
2046	0.8826847695	1.3135477
2047	0.8827811397	1.313008073
2048	0.8827855087	1.312983603
2049	0.8828383049	1.312687871
2050	0.8829424369	1.31210439
2051	0.8830454433	1.31152696
2052	0.8831106541	1.311161273
2053	0.8831602108	1.310883302
2054	0.8831646483	1.310858409
2055	0.8831690024	1.310833983
2056	0.8831733974	1.310809326
2057	0.8832559168	1.310346306
2058	0.883305867	1.310065953
2059	0.8833173139	1.310001697
2060	0.8833215817	1.30997774
2061	0.883343428	1.309855096
2062	0.8833789816	1.309655478
2063	0.8834750121	1.309116155
2064	0.8834792391	1.309092411
2065	0.8834949397	1.309004211
2066	0.8835302704	1.308805715
2067	0.883624399	1.308276732
2068	0.8836331677	1.308227443
2069	0.8836497099	1.308134454
2070	0.8836646132	1.308050672
2071	0.883712337	1.307782346
2072	0.8837165929	1.307758415
2073	0.8837398132	1.307627837
2074	0.8837440391	1.307604072
2075	0.8837482584	1.307580343
2076	0.8837630599	1.307497098
2077	0.8837672086	1.307473764
2078	0.8837877758	1.307358081
2079	0.8838937366	1.306761929
2080	0.8838979054	1.306738469
2081	0.8839182497	1.306623976
2082	0.8839557635	1.30641283
2083	0.883973068	1.30631542
2084	0.8840076712	1.306120612
2085	0.8840116994	1.306097932
2086	0.8840157005	1.306075405
2087	0.8840197109	1.306052824
2088	0.8840237625	1.306030012
2089	0.884133166	1.30541386
2090	0.8842093581	1.30498458
2091	0.8843107406	1.304413153
2092	0.8843300089	1.304304523
2093	0.8843533823	1.304172736
2094	0.8844027517	1.303894331
2095	0.8845028153	1.303329869
2096	0.8845484225	1.303072516
2097	0.8845963588	1.302801966
2098	0.8846480016	1.302510432
2099	0.8847469515	1.301951661
2100	0.8847813312	1.301757462
2101	0.8848113162	1.301588063
2102	0.8848360809	1.30144814
2103	0.8849495184	1.300807013
2104	0.8849535528	1.300784205
2105	0.8850238189	1.300386909
2106	0.8850683297	1.300135175
2107	0.8850722595	1.300112948
2108	0.8851645311	1.299590935
2109	0.8851708096	1.299555407
2110	0.8851953491	1.299416539
2111	0.8852930428	1.298863549
2112	0.8853896957	1.298316217
2113	0.8854041039	1.298234606
2114	0.8854820078	1.297793252
2115	0.8854859259	1.297771051
2116	0.8855027148	1.297675914
2117	0.8856003827	1.297122328
2118	0.8856774898	1.296685114
2119	0.8857408574	1.296325695
2120	0.8857650767	1.296188298
2121	0.8858429818	1.29574624
2122	0.8859114161	1.295357798
2123	0.8859153419	1.295335511
2124	0.8859351564	1.295223018
2125	0.8859548506	1.295111198
2126	0.8859811694	1.294961749
2127	0.8860007443	1.294850584
2128	0.8861603035	1.293944097
2129	0.8862030627	1.293701066
2130	0.8862532145	1.293415959
2131	0.8863679529	1.292763449
2132	0.8864140729	1.292501074
2133	0.8864666464	1.292201921
2134	0.8864959443	1.29203518
2135	0.8865162437	1.291919639
2136	0.886520013	1.291898184
2137	0.8865237686	1.291876807
2138	0.8866399477	1.291215313
2139	0.8866871343	1.290946548
2140	0.8867064079	1.290836754
2141	0.886773158	1.290456431
2142	0.8867769789	1.290434658
2143	0.8867807838	1.290412975
2144	0.8867845283	1.290391636
2145	0.8868637443	1.289940118
2146	0.8868675196	1.289918596
2147	0.8868712808	1.289897153
2148	0.8868904217	1.289788026
2149	0.8869260819	1.289584693
2150	0.8869451752	1.289475811
2151	0.886978123	1.2892879
2152	0.8870031661	1.289145054
2153	0.8870798418	1.288707595
2154	0.8870835522	1.288686422
2155	0.887102465	1.288578494
2156	0.8871750755	1.28816405
2157	0.8872203786	1.287905404
2158	0.8872339993	1.287827629
2159	0.8872376206	1.287806951
2160	0.8872412158	1.287786421
2161	0.8873556017	1.28713307
2162	0.887379193	1.28699828
2163	0.8873911227	1.286930114
2164	0.8874359677	1.286673837
2165	0.8874396126	1.286653005
2166	0.8874431576	1.286632744
2167	0.8874467757	1.286612065
2168	0.8874502884	1.286591987
2169	0.887510786	1.286246157
2170	0.8875353639	1.286105633
2171	0.8875583949	1.285973939
2172	0.8875715893	1.285898486
2173	0.8876497214	1.28545159
2174	0.8876994145	1.285167278
2175	0.8877939475	1.284626246
2176	0.8878355384	1.284388142
2177	0.8878390269	1.284368168
2178	0.8878897637	1.284077639
2179	0.8879368066	1.283808203
2180	0.8879693698	1.283621665
2181	0.888008153	1.283399461
2182	0.88801735	1.283346763
2183	0.8880616327	1.283092992
2184	0.8881038419	1.282851058
2185	0.8881112516	1.282808583
2186	0.8881220147	1.282746882
2187	0.8881403068	1.282642012
2188	0.8882099538	1.282242646
2189	0.8882420513	1.282058552
2190	0.8882610728	1.281949442
2191	0.8882667265	1.28191701
2192	0.8883283401	1.281563515
2193	0.8883842122	1.281242876
2194	0.888406202	1.281116659
2195	0.8884096945	1.281096611
2196	0.8884499828	1.280865328
2197	0.8884968105	1.280596452
2198	0.8885210639	1.280457171
2199	0.8885454095	1.280317346
2200	0.888591655	1.2800517
2201	0.8886847554	1.279516738
2202	0.8887858846	1.27893539
2203	0.8888355228	1.278649944
2204	0.8888543106	1.278541888
2205	0.8888633895	1.278489668
2206	0.8888967563	1.278297732
2207	0.8889439304	1.278026322
2208	0.8889570433	1.277950869
2209	0.889000186	1.277702589
2210	0.8890348525	1.277503053
2211	0.889050006	1.277415821
2212	0.8890557901	1.277382523
2213	0.8890881788	1.277196052
2214	0.8891306112	1.276951715
2215	0.8891739965	1.276701843
2216	0.8892240926	1.27641326
2217	0.8892420209	1.276309967
2218	0.8892826706	1.276075733
2219	0.8893288186	1.275809766
2220	0.8893830388	1.275497204
2221	0.8894212498	1.275276884
2222	0.8894951307	1.274850788
2223	0.8895841693	1.274337083
2224	0.8896788424	1.273790643
2225	0.8896972841	1.273684172
2226	0.889808292	1.273043098
2227	0.8898332716	1.272898795
2228	0.8898955263	1.272539089
2229	0.8899124185	1.272441469
2230	0.8900040018	1.271912079
2231	0.8900946233	1.271388031
2232	0.8902792938	1.270319446
2233	0.8903130942	1.270123765
2234	0.8903164074	1.270104581
2235	0.8903340719	1.270002303
2236	0.8903517782	1.269899773
2237	0.8903750278	1.269765132
2238	0.8904438174	1.269366681
2239	0.8904471415	1.269347424
2240	0.8904652184	1.269242694
2241	0.8905026265	1.269025941
2242	0.8905058677	1.269007159
2243	0.8905185431	1.268933705
2244	0.8905927413	1.268503639
2245	0.8906384035	1.2682389
2246	0.8906872878	1.267955419
2247	0.8907231677	1.26774731
2248	0.8907369658	1.26766727
2249	0.8907928086	1.267343285
2250	0.8907995694	1.267304055
2251	0.8908028748	1.267284875
2252	0.8908426993	1.267053763
2253	0.8909320172	1.266535273
2254	0.890949797	1.266432037
2255	0.8909551423	1.266400998
2256	0.8910435246	1.265887677
2257	0.8910893506	1.265621439
2258	0.891096404	1.265580455
2259	0.8912820249	1.264501435
2260	0.8913357425	1.264189001
2261	0.8913716143	1.26398032
2262	0.8913747847	1.263961874
2263	0.8914111796	1.263750111
2264	0.8914245777	1.263672146
2265	0.8914387272	1.263589803
2266	0.8914418432	1.263571668
2267	0.8915064866	1.263195401
2268	0.8915336179	1.263037446
2269	0.8915802587	1.262765861
2270	0.8916169176	1.262552361
2271	0.8916534095	1.262339796
2272	0.8916925168	1.262111957
2273	0.8917336137	1.261872482
2274	0.8917368049	1.261853885
2275	0.8917528286	1.2617605
2276	0.8917667122	1.261679582
2277	0.8917912395	1.261536616
2278	0.8917943052	1.261518745
2279	0.8918460935	1.261216821
2280	0.8918491572	1.261198958
2281	0.8918521928	1.261181258
2282	0.8918959681	1.260925986
2283	0.8918990719	1.260907885
2284	0.8919114054	1.260835952
2285	0.8919985432	1.260327626
2286	0.8920050244	1.260289809
2287	0.8920101014	1.260260185
2288	0.8920572064	1.259985293
2289	0.8920918627	1.25978301
2290	0.8921433796	1.259482255
2291	0.8921807458	1.259264066
2292	0.8922073303	1.259108812
2293	0.8922568612	1.258819497
2294	0.8922727194	1.258726854
2295	0.8923137611	1.258487057
2296	0.8923867726	1.258060357
2297	0.892419152	1.257871076
2298	0.8924490608	1.257696212
2299	0.8925330168	1.257205227
2300	0.8925660564	1.257011954
2301	0.8926199693	1.256696516
2302	0.8926230116	1.256678714
2303	0.8926509299	1.256515333
2304	0.892670809	1.256398985
8471030329	1.566060623
